{"total_reward": -89.93157894736912, "loss": 50.3850781747546, "_timestamp": 1717147526.0107346, "_runtime": 6138.402300596237, "_step": 203, "mean_reward": -94.99999999999905, "std_reward": 8.051424330355585e-14, "mean_test_reward": -63.617280992599675, "std_test_reward": 22.46674778388482}