{"total_reward": -26.232225913620766, "loss": 40.016895053478386, "_timestamp": 1717194298.3645813, "_runtime": 930.9113104343414, "_step": 28, "_wandb": {"runtime": 980}}