{"total_reward": 323.8679245283015, "loss": 34.8032702117407, "_timestamp": 1717205419.135746, "_runtime": 11059.298043966293, "_step": 198, "mean_reward": 419.95909114548004, "std_reward": 243.33445442118577}