{"total_reward": -23.104575163399375, "loss": 4.387480121011994, "_timestamp": 1717222154.36136, "_runtime": 290.3252980709076, "_step": 8}