{"total_reward": -32.50000000000074, "loss": 0.955135633597667, "_timestamp": 1717367895.5333745, "_runtime": 549.2709355354309, "_step": 38}