{"total_reward": -47.55474452554776, "loss": 0.5249725018099994, "_timestamp": 1717315028.0176795, "_runtime": 42.42774748802185, "_step": 0}