{"total_reward": -14.708029197080116, "loss": 0.7586802348826721, "_timestamp": 1717362708.2361274, "_runtime": 45.09627342224121, "_step": 0, "_wandb": {"runtime": 99}}