{"total_reward": -55.03287671232914, "loss": 47.46490219340605, "_timestamp": 1717122768.7225897, "_runtime": 5457.956269741058, "_step": 172, "mean_reward": -71.79850884374378, "std_reward": 23.364199526863345}