{"total_reward": -47.554744525548045, "loss": 0.8640450384396656, "_timestamp": 1717368423.526307, "_runtime": 61.274991035461426, "_step": 0}