{"total_reward": 14.58904109589146, "loss": 0.3123132869671686, "_timestamp": 1717366732.858426, "_runtime": 3911.6276609897614, "_step": 185, "mean_reward": -53.78490143263397, "std_reward": 21.37372831769134}